name,n_atoms,charge,mae_kj_mol
00N,70,0,1.664216
00S ARG,58,1,1.356711
010 ALA,38,0,1.432436
015,45,0,1.455674
03G,47,0,0.652614
05H,72,0,2.588482
06S,74,0,5.64108
08G,40,0,1.000813
093,40,0,1.385423
0AW,46,0,1.184491
0BA,76,0,2.518753
0E7,78,0,1.876255
0JO ALA,56,0,1.237714
0ME,46,0,1.94721
0QI,48,0,2.110197
0SA,78,0,2.592949
0T9,75,0,2.121645
0V5 ALA,39,0,2.473961
0V6,42,0,1.759988
0Z3,70,1,2.247075
144 GLU,47,0,1.40338
147 TRP,72,0,1.69918
152 TYR,60,1,1.096403
16D ASP,48,-1,2.408902
16G ILE,66,0,2.109393
16H,75,0,2.916512
173 TYR,50,0,1.444487
19T,44,0,1.283864
1BI,74,0,1.493639
1BO ARG,51,1,2.247176
1CY VAL,59,0,2.215081
1DX,78,0,2.172752
1F1 SER,42,0,2.04967
1GF,77,0,2.103733
1GP TYR,52,0,0.402006
1GR,42,0,0.902417
1OO,45,0,2.232401
1PC,43,0,0.926138
1PS LYS,58,1,2.534726
1R3,79,0,29.822761
20K,42,0,1.287362
210 LYS,58,1,8.511716
22H,46,0,1.88797
26F,70,0,1.719465
2A8,42,0,1.456402
2AN VAL,62,0,0.80918
2CS,76,0,1.857204
2F8 ASN,59,0,0.751155
2FA THR,58,0,1.80381
2G5,47,0,2.045824
2HG LYS,52,1,0.888145
2IL,80,0,0.762879
2J9 LYS,61,1,1.684585
2M8 TRP,70,0,1.412934
2MG,41,0,2.045208
2PG LYS,52,1,0.776129
2UW,42,0,1.781638
308 ALA,50,0,0.398353
34G,75,0,1.96149
35G THR,61,0,0.926267
35S,70,0,1.802741
37J,46,0,2.053512
388 CYS,59,0,1.045868
389,70,0,1.850323
3AA,75,1,4.835609
3AB SER,41,0,0.325776
3CX THR,60,0,1.204153
3D1 THR,57,0,1.839104
3E4,74,0,2.144467
3EN,73,0,2.343035
3FT,44,0,1.267312
3HA ARG,54,1,0.719923
3HB ILE,47,0,0.75048
3JQ,71,0,5.975951
3JX,70,0,1.080231
3KM,70,0,2.994867
3P2,50,0,1.156716
3PG THR,44,0,2.889594
3PL TYR,53,0,0.651945
3QN,48,0,3.43423
3X9,41,0,1.948185
40B,46,0,2.188313
419,80,0,3.299887
42C ASN,47,0,0.740964
42J PHE,52,0,1.24032
44F,43,0,1.816533
4BO,41,0,0.795401
4C9,72,0,1.187544
4CS PHE,52,0,0.932716
4GE,42,0,1.224142
4HP TYR,52,0,2.526537
4LB,42,0,1.681447
4LY,71,0,2.368931
4MU PHE,53,0,1.055159
4NC PHE,48,0,1.184409
4PT,79,0,3.986592
4RD,45,0,3.11354
4TH,74,0,1.93
4ZZ,44,0,2.074725
51G,76,0,2.480182
525,75,0,3.304536
58G,40,0,0.973372
593,49,0,1.438934
5AF,73,0,1.855996
5CQ,43,0,1.432259
5E9,71,0,2.605346
5EG,44,0,1.514693
5H2,48,0,1.629545
5ID ILE,64,0,1.604983
5LD LYS,57,1,1.88974
5MJ,45,0,1.362432
5O3,48,0,1.80782
5RQ,71,0,2.042016
62S,77,0,1.482889
63G,45,0,2.79706
63Q,77,0,2.447955
65P,71,0,2.015685
67A,42,0,1.357076
6A5,47,0,1.144569
6BU,48,0,1.124353
6CM,75,0,0.982175
6EK,80,0,3.277792
6GD,47,0,1.157902
6GG,80,0,2.037138
6KV,48,0,0.813954
6NT GLN,45,0,0.393248
6PG LYS,64,1,1.944921
6QM,42,0,2.220403
6S9,45,0,1.110201
6TD,41,0,1.358735
6UF,42,0,1.931739
6W4,74,0,1.919961
6X5,70,0,2.102645
6ZH,43,1,1.103703
704,41,0,1.551996
783,46,0,1.465282
79C,74,0,2.273787
7BK,44,0,1.970843
7CQ,44,0,13.196838
7D9,71,0,2.608373
7GM,42,0,0.883907
7HR,77,0,2.864624
7LK,43,0,1.183276
7OU,40,0,2.992649
7TS ALA,58,0,1.125728
7UI,48,0,1.898089
7VI,74,0,1.801202
7VZ,40,0,1.737806
7XU,70,0,1.564152
7Y2,76,0,2.669027
7YN,50,0,1.321828
800,76,0,3.522509
82O,74,0,2.81828
891,47,0,1.482775
8BM,70,0,2.130073
8G7,48,0,1.099924
8KP,43,0,1.330769
8Q4,48,0,2.11074
8QI,47,0,1.983589
8Y8,50,0,1.252663
90X,75,0,4.412862
91N,42,0,1.566824
96L,80,0,2.303473
988,41,0,0.957816
99C,40,0,1.763298
9HR,70,0,1.462305
9JE VAL,47,0,1.620801
9KR,70,0,1.822838
9L2,41,0,1.60548
9LL,41,0,1.715884
9MG LEU,50,0,1.204353
9MX,79,0,3.29096
9NK,42,0,1.319984
9ON LYS,54,1,1.496622
9RI,44,0,1.817779
9TR,42,0,1.684194
9TY MET,44,0,2.663853
A3G,40,0,1.401503
A5P ARG,63,1,6.818692
ABN ALA,39,0,1.6393
AC2 TYR,60,0,1.761546
ACH THR,52,1,0.895829
ADK PHE,50,0,0.801294
ADN HIS,62,1,3.206594
AE0,73,0,2.561564
AE3 ASP,47,-1,1.287131
AGI LEU,61,0,0.88871
AGJ,44,0,1.439619
AGP LYS,66,1,1.877256
AGS,47,0,3.960929
AHD LYS,57,-3,4.393336
AHG LYS,67,1,0.563086
AIR SER,56,0,1.230138
AKG HIS,46,1,1.296189
AKJ,42,0,1.334124
ALA-ASN-GLN-GLN-VAL,86,0,2.765043
ALA-GLN-ALA-GLN-CYS,77,0,2.576319
ALA-GLY-ILE-SER-THR,73,0,1.936272
ALA-PRO-ILE-TRP-SER,90,0,3.412553
ALA-SER-VAL-HIS-ASP,78,-1,2.654504
ALA-THR-LEU-ASN-TYR,90,0,4.55813
AMG VAL,55,0,1.173895
AMH GLY,45,0,1.00121
ANN TYR,52,0,0.98312
ARG-ALA-TRP-PRO-ILE,103,1,2.086349
ARG-ALA-VAL-THR-GLU,91,0,3.243089
ARG-CYS-ILE-TRP-GLU,105,0,1.652302
ARG-MET-PHE-ASP-TYR,106,0,3.57197
ARG-THR-ASN-SER-THR,89,1,2.899001
ASC PHE,52,0,2.085003
ASJ ALA,39,0,0.811089
ASN-ASN-HIS-PHE-PHE,97,0,2.193671
ASN-GLN-ARG-SER-ILE,97,1,2.552132
ASN-HIS-ASP-HIS-CYS,83,-1,1.583084
ASN-HIS-ILE-SER-ASN,87,0,2.65314
ASN-HIS-PHE-PHE-ALA,93,0,2.871155
ASN-HIS-TRP-PHE-GLN,104,0,4.166968
ASN-ILE-ASP-PRO-ALA,81,-1,2.674053
ASN-LYS-GLU-LEU-MET,99,0,3.049677
ASN-MET-MET-ALA-LEU,89,0,4.016834
ASN-VAL-TRP-ALA-ASN,90,0,3.049803
ASO GLU,50,-1,0.908643
ASP-ALA-PHE-ASP-VAL,82,-2,2.209085
ASP-ALA-TRP-VAL-HIS,91,-1,2.378811
ASP-LEU-HIS-GLU-ARG,99,-1,2.721602
ASP-LEU-TYR-THR-GLN,95,-1,2.370744
ASP-MET-LEU-CYS-VAL,87,-1,3.529402
ASP-MET-THR-CYS-ASN,80,-1,4.306548
ASP-MET-TRP-PRO-GLN,96,-1,4.077798
ASP-PRO-GLN-ILE-THR,88,-1,3.043131
ASP-PRO-LEU-ILE-LEU,95,-1,3.111432
ASP-SER-GLU-ASP-ASP,74,-4,2.763676
ASP-TRP-GLN-ASN-GLY,86,-1,3.642657
ASP-TYR-ALA-GLN-HIS,89,-1,2.755594
ASP-VAL-GLY-ALA-GLN,74,-1,2.079595
ASP-VAL-ILE-SER-HIS,87,-1,3.255661
AT3 GLY,45,1,1.056722
AVJ TRP,66,1,2.01
AWN,46,0,1.641921
AX7 PHE,49,0,1.186525
AXF,76,0,2.830544
AZM GLN,48,0,1.935282
B0B,71,0,3.311437
B0Z,42,0,2.681265
B8Q,40,0,1.984105
BA7,71,0,4.022393
BCN LYS,58,1,1.738637
BEN ASN,43,0,0.776498
BET TYR,53,1,1.687806
BEZ VAL,43,0,0.975156
BG6 TYR,62,0,1.478117
BGC ARG,60,1,1.09084
BHO TYR,50,0,1.21971
BM0 ILE,56,1,1.662071
BM3 ASN,56,0,0.959428
BMP LYS,69,1,0.881691
BMQ LYS,69,1,0.765748
BNL MET,51,0,0.496896
BPY LEU,55,0,0.820847
BT2,76,0,2.2073
BU1 GLY,35,0,0.621915
BU2 LYS,50,1,1.507956
BU3 ARG,52,1,1.571032
BZI PHE,47,0,1.531897
C10,75,0,2.918451
C12,40,-1,1.783999
C36,40,0,2.10062
C4D,72,0,2.26074
C5P GLN,64,0,1.830786
C5V,49,0,0.988609
CAM THR,53,0,0.570548
CAP LYS,69,1,0.864614
CDP,40,0,2.296344
CG5,80,0,2.34227
CHT MET,50,1,0.820857
CIT HIS,51,1,1.78202
CIY MET,52,0,0.972721
CL8,43,0,3.16086
CLM PRO,58,0,1.669291
CMP CYS,57,0,0.802637
CN4,72,0,2.139156
CNS,74,0,1.706942
COU PHE,49,0,1.207513
CP6 TRP,66,0,2.334393
CRB LYS,66,1,1.569953
CS2 GLU,52,-1,1.997731
CTN PHE,62,0,2.687746
CTS GLU,55,-1,3.004467
CXS TYR,66,0,1.638491
CY3 GLY,34,0,0.997702
CYH PHE,49,0,1.762151
CYS-ARG-TRP-HIS-LEU,107,1,5.984796
CYS-ASP-ILE-ALA-GLU,79,-2,2.870788
CYS-GLU-CYS-VAL-LEU,84,-1,1.449558
CYS-GLY-ALA-VAL-ASP,68,-1,2.470546
CYS-GLY-LEU-PHE-ASN,83,0,1.229153
CYS-HIS-THR-ASN-HIS,85,0,3.87164
CYS-ILE-TRP-LYS-ALA,98,1,2.888052
CYS-MET-CYS-GLN-TYR,89,0,4.063511
CYS-PRO-SER-TYR-THR,83,0,2.476424
CYS-SER-VAL-THR-TRP,88,0,2.632598
CYS-TRP-TRP-GLU-CYS,97,-1,1.742667
CYS-TYR-SER-ILE-CYS,85,0,3.701878
D03,78,0,2.003479
D10 ALA,54,0,0.690659
D1D THR,42,0,0.819568
DCM TYR,67,0,1.182327
DCX,41,0,1.042505
DDS,45,0,3.05443
DEP TYR,52,0,1.223763
DFP HIS,55,1,2.391095
DG2 LYS,57,1,2.690968
DGJ ASN,50,0,0.583641
DGL THR,45,0,1.368709
DHB LEU,48,0,1.139989
DHK ILE,53,0,1.815353
DHY PRO,46,0,1.08995
DIF TYR,63,0,1.754963
DIH SER,59,1,1.358246
DKA ALA,54,0,0.743514
DMJ GLU,51,-1,1.613152
DMU,75,0,3.264334
DNF ALA,39,0,1.415
DOR PRO,43,0,1.227195
DP6 LYS,66,1,9.872683
DQJ,43,0,1.221747
DQV,72,0,2.784924
DQY HIS,50,1,16.820036
DRY,70,0,2.174009
DSU,74,0,3.368921
DSV,41,0,1.300625
DT4,50,0,1.185319
DTB ARG,69,1,1.123767
DTD TYR,49,0,2.066861
DTT GLY,37,0,0.738929
DTU TYR,51,0,1.653356
DTV PHE,50,0,3.240458
DUR GLU,55,-1,1.056903
DUT,43,0,3.226347
DVM,73,0,2.574108
DX0,74,0,2.091067
DXE TYR,49,0,0.718185
DXP THR,50,0,1.56623
DYU,50,0,1.226503
E10,76,0,2.76022
E2M,71,0,5.780216
E2Q TYR,64,0,2.878488
E4P LYS,55,1,1.450574
E5A,80,0,3.604562
E7G,46,0,3.561359
EDT TYR,69,0,1.581787
EE4,71,0,2.179627
EEG,71,0,3.440431
EF2 VAL,57,0,1.472165
EFZ LYS,64,1,0.6205
EJR,45,0,0.878792
EK8,76,0,2.125169
EMO TYR,63,0,1.535024
EN7,74,0,2.400564
EPB,76,0,3.113214
EPE TRP,69,0,3.448198
ETB,80,0,3.677932
ETE GLY,53,0,1.790157
ETM CYS,44,1,1.027074
ETX LYS,50,1,0.907741
EUW,70,0,2.216987
EZF,70,0,1.993301
F05 GLY,37,0,1.214906
F09 ALA,52,0,1.0651
F2D,46,0,1.181834
F4Q,42,0,1.973415
F6F ILE,63,0,0.755957
F6M,77,0,2.793937
F6P MET,58,0,0.620736
F72,76,0,2.609773
F8J,78,0,2.112254
FBP THR,60,0,1.730406
FCN SER,38,0,0.997348
FDP LYS,68,1,1.690723
FER ALA,46,0,0.76463
FG6,46,0,1.625918
FGO,71,0,1.857309
FGY,73,0,2.992536
FL7,50,0,2.238266
FLC ARG,54,-2,2.192708
FLP ILE,62,0,1.15464
FMC ARG,68,1,0.623676
FOM LYS,55,1,1.607357
FQ8,75,0,5.909451
FUD VAL,52,0,0.960943
FUN ILE,63,0,2.561024
FUO,74,0,1.330268
FZE,75,0,2.617626
G16 THR,59,-1,3.093868
G1P ASP,53,-1,1.249687
G2L,48,0,3.092943
G3F ALA,45,0,0.308873
G3H ASN,43,0,1.454896
G3P GLY,38,0,1.079039
G49,40,0,1.431058
G4N,79,0,2.160608
G6P ARG,65,1,4.205688
G6Q ARG,65,1,1.241369
GAD HIS,49,1,1.819912
GAR LYS,65,-1,1.161161
GAU LYS,54,1,0.255792
GCO PRO,51,0,0.408273
GDE PHE,50,0,1.288733
GDL TYR,61,0,1.447284
GEN VAL,58,0,0.49102
GIM HIS,57,2,1.835676
GLN-ASN-HIS-SER-ASN,85,0,2.748576
GLN-ASP-CYS-TYR-ARG,97,0,1.453215
GLN-CYS-ILE-PRO-GLN,90,0,2.342211
GLN-GLN-ILE-CYS-CYS,87,0,2.907513
GLN-GLN-TYR-GLU-ILE,101,-1,2.475252
GLN-GLU-SER-CYS-LYS,88,0,3.174721
GLN-HIS-VAL-HIS-ASN,93,0,3.441989
GLN-LEU-HIS-SER-VAL,92,0,3.36436
GLN-LYS-ALA-GLN-LEU,97,1,1.878413
GLN-SER-ALA-LEU-LYS,91,1,2.307997
GLN-SER-GLU-GLY-PHE,82,-1,2.061609
GLN-SER-LEU-MET-TRP,100,0,2.924159
GLP TYR,63,0,2.226673
GLU-ALA-PRO-GLU-ASP,78,-3,2.999605
GLU-ASP-GLY-GLU-GLU,76,-4,2.345337
GLU-CYS-ALA-HIS-LYS,87,0,1.865386
GLU-CYS-ASP-PHE-ASP,82,-3,2.304856
GLU-GLU-ARG-PHE-VAL,102,-1,3.492602
GLU-LYS-CYS-ILE-ALA,89,0,2.48995
GLU-PRO-PRO-PHE-PHE,95,-1,2.809118
GLU-THR-LYS-SER-LEU,93,0,2.393838
GLU-TRP-THR-ASN-ASP,91,-2,3.051833
GLY-ALA-GLU-LEU-PHE,83,-1,1.77204
GLY-ARG-ASP-CYS-SER,77,0,3.621172
GLY-ASP-ALA-ARG-TYR,86,0,3.337077
GLY-CYS-ARG-TRP-TRP,102,1,1.913123
GLY-GLU-ASN-TRP-ASP,84,-2,3.668442
GLY-ILE-CYS-SER-PRO,74,0,3.027476
GLY-PHE-THR-PRO-ARG,91,1,3.056208
GLY-THR-ASP-ALA-HIS,72,-1,2.070996
GLY-THR-VAL-VAL-SER,76,0,2.582581
GLY-TRP-TYR-ALA-ARG,98,1,2.508259
GMP PHE,65,0,2.206169
GMX,41,0,2.579564
GN1 GLY,54,0,0.94285
GP1 LYS,64,1,1.235652
GPJ LYS,53,2,1.779953
GTR LYS,57,1,0.433903
GUM,75,0,1.874697
GUN ALA,38,0,0.702092
GVE LEU,50,0,0.689851
GW5,49,0,1.427515
GYP ALA,49,0,2.093928
GZ5,73,0,3.175626
H08,45,0,0.779174
H1I,71,0,1.46807
H2B TRP,66,0,2.972151
H4B ALA,54,0,0.938019
H6P SER,50,0,5.254985
H8H,70,0,2.649998
HAI GLU,48,0,0.783117
HBI ARG,66,1,0.823488
HC3,75,0,2.197847
HCA LYS,58,1,0.709056
HCI LYS,55,1,1.498578
HEK,75,0,3.486813
HEZ TRP,58,0,2.373215
HG8,76,0,2.603133
HHR ASP,45,-1,0.79447
HIS-ALA-CYS-TYR-TYR,92,0,3.383297
HIS-ARG-GLU-HIS-LYS,107,1,2.80966
HIS-ARG-GLY-PRO-PHE,94,1,3.01527
HIS-ASP-ASP-ALA-PHE,83,-2,1.794322
HIS-GLU-VAL-LEU-PRO,93,-1,1.855528
HIS-HIS-GLN-ASP-ALA,85,-1,2.23944
HIS-ILE-ALA-CYS-THR,83,0,3.042402
HIS-PHE-LYS-PRO-ASN,99,1,3.841947
HIS-PRO-ILE-MET-GLU,94,-1,3.266845
HIS-PRO-LEU-GLU-TRP,101,-1,2.394458
HIS-SER-ASN-GLN-CYS,82,0,2.521833
HIS-SER-ILE-VAL-PHE,95,0,4.416461
HIS-SER-SER-HIS-ARG,92,1,2.013082
HJF,48,0,0.622606
HLW,44,0,1.451586
HMT,78,0,3.566061
HP6 LEU,54,0,0.603905
HR5 LEU,63,0,0.663341
HSM LEU,48,0,1.219922
HSO GLY,41,1,1.064581
HSX ALA,47,0,1.622181
HTO HIS,56,1,0.707046
HUR,74,0,2.681046
HWE,80,0,2.15586
HY0,73,0,5.749675
HY1 TYR,50,0,0.841421
I22 GLY,52,0,1.406918
I3C GLY,39,0,1.054568
IAC PHE,54,0,1.211071
IBM GLY,49,0,0.472359
IES,80,0,2.140694
IH3,76,0,1.683602
IHD,50,0,0.840322
IHL,44,0,2.169667
IJ7,47,0,1.226026
ILE-ALA-TYR-ALA-GLY,79,0,1.601716
ILE-ILE-LYS-MET-ASN,103,1,2.280395
ILE-LYS-PHE-LEU-ASN,106,1,2.251993
ILE-MET-CYS-MET-LEU,95,0,1.970571
ILE-PHE-PRO-HIS-MET,99,0,2.563876
ILE-SER-GLN-VAL-LEU,94,0,2.857151
ILE-SER-TRP-HIS-LEU,102,0,2.70811
ILE-THR-GLU-ASN-GLN,91,-1,2.156129
ILE-TRP-PRO-SER-ALA,90,0,2.261563
ILE-VAL-LYS-ASP-LEU,100,0,2.087662
J10,44,0,0.937145
J1C,80,0,4.129468
J1F,80,0,3.72954
J2B,74,0,4.409167
J3C,42,0,1.553497
J75,47,0,2.686135
J7I,78,0,2.0962
J8C,72,0,2.608514
JAY,77,0,2.469064
JBL,43,0,1.880256
JCM,75,0,2.831228
JE6,50,0,1.230255
JRH,74,0,2.420312
JUV,40,0,1.697771
JYH,45,0,0.937966
K3B,50,0,2.426531
KDT,45,0,1.669492
KFC,49,0,1.936336
KJ8,70,0,2.199909
KK6,70,0,3.010406
KMJ,49,0,2.147798
KMM,49,0,1.587426
KZZ,72,0,3.103007
L18,48,0,0.995241
L6J,40,0,1.801312
LA1,76,0,2.01832
LAW,79,0,2.935182
LB8,72,0,2.192633
LEU-ALA-GLU-ARG-LYS,102,1,2.435666
LEU-ALA-MET-ASP-MET,87,-1,1.744136
LEU-ARG-THR-CYS-ILE,99,1,3.918855
LEU-ASP-ILE-GLN-LYS,101,0,3.378251
LEU-CYS-HIS-ASN-ASP,85,-1,2.27931
LEU-GLY-ASP-GLY-ILE,76,-1,1.877512
LEU-ILE-SER-SER-GLU,87,-1,3.183207
LEU-THR-GLU-CYS-TRP,95,-1,2.850653
LLN,75,0,3.002541
LPW,47,0,1.317413
LSH,42,0,1.96669
LX3,73,0,2.396011
LX8,50,0,1.479523
LXI,46,0,1.828291
LYS-ASN-ILE-HIS-CYS,95,1,2.956676
LYS-CYS-ASP-PHE-PHE,97,0,3.92158
LYS-CYS-SER-LEU-MET,92,1,3.473907
LYS-GLU-SER-GLU-PRO,89,-1,1.636759
LYS-HIS-GLY-PRO-HIS,89,1,4.445829
LYS-LEU-ILE-CYS-SER,94,1,3.237314
LYS-SER-PRO-HIS-ASP,88,0,3.395563
LYS-THR-GLN-ILE-ASP,96,0,3.125129
M1G,40,0,1.340911
M2D,73,0,2.786262
M95,45,0,1.155656
MET-GLN-SER-HIS-TYR,95,0,3.19509
MET-GLY-PRO-SER-TRP,85,0,2.441622
MET-GLY-THR-SER-THR,75,0,2.462365
MET-LEU-ALA-SER-VAL,85,0,4.274713
MET-THR-CYS-THR-ASN,82,0,2.731078
MET-THR-GLN-SER-ASP,83,-1,2.769015
MET-TYR-ALA-ILE-ARG,103,1,2.874791
MET-VAL-PHE-VAL-LEU,100,0,2.11172
MHQ,72,0,1.807452
MI6,74,0,3.431043
MNO,70,0,1.81311
MQU,41,0,1.54551
MR2,46,0,1.450067
MT9,76,0,2.230224
MVB,48,0,1.980895
MYD,72,0,3.214667
N0Q,70,0,2.293944
N0S,77,0,1.789089
N4X,43,0,1.836243
N53,78,0,1.908639
N5G,76,0,3.017603
N79,50,-1,2.104191
N8T,79,0,2.177318
NAH,71,0,3.065881
NCL,79,0,2.319021
NL3,42,0,1.826876
NVE,70,0,2.938122
NXQ,42,-1,8.841474
O8J,75,0,1.812507
OD1,41,0,0.9214
OG5,75,0,3.389148
OGK,50,0,1.240721
OOU,77,0,1.284217
OXR,50,0,1.733847
OXW,50,0,2.111544
P30,72,0,2.173393
P7D,43,0,1.922814
P8Y,44,0,1.021186
P9R,79,1,2.772681
PBU,72,0,3.267182
PFY,77,0,2.460675
PHE-ASP-ARG-GLU-CYS,94,-1,2.243121
PHE-ASP-ASN-CYS-ALA,79,-1,2.893806
PHE-GLN-ARG-ALA-THR,97,1,1.921583
PHE-GLN-GLY-PHE-CYS,87,0,2.322732
PHE-GLN-ILE-HIS-ASP,97,-1,2.071893
PHE-HIS-MET-GLY-PHE,93,0,3.76544
PHE-ILE-ILE-HIS-VAL,103,0,3.092405
PHE-PRO-GLU-THR-PRO,89,-1,1.531455
PHE-SER-GLN-CYS-ASP,83,-1,2.084184
PHE-SER-GLY-MET-ASN,81,0,2.911801
PHE-THR-LYS-THR-ILE,101,1,1.46619
PHE-VAL-PHE-ASN-GLU,97,-1,3.421649
PP9,76,0,2.324144
PRO-ALA-PRO-HIS-PRO,81,0,2.430682
PRO-ARG-LEU-ALA-TYR,100,1,3.781108
PRO-CYS-PRO-PRO-GLN,82,0,2.447466
PRO-CYS-SER-PHE-LYS,90,1,3.502454
PRO-GLY-VAL-THR-TYR,84,0,2.191974
PRO-HIS-GLU-ILE-GLY,84,-1,2.176373
PRO-ILE-HIS-LEU-GLU,96,-1,2.501342
PRO-MET-CYS-PRO-GLY,75,0,2.854219
PRO-PHE-HIS-ASN-LEU,96,0,2.186693
PRO-PRO-GLU-VAL-TRP,95,-1,3.361434
PRO-SER-PRO-MET-CYS,79,0,3.500134
PRO-THR-ILE-TYR-PHE,100,0,1.373723
PRO-TYR-ARG-ASP-ASP,95,-1,2.218009
PRO-TYR-SER-LEU-SER,88,0,2.179771
PXG,42,0,1.425821
PZ2,41,0,1.134357
PZY,76,0,2.024057
Q1V,74,1,5.248945
QB3,43,0,1.739987
QB5,50,0,1.320999
QDY,80,0,3.036092
QHR,77,0,2.507682
QLR,50,0,1.127818
QN2,70,0,2.740755
QNO,46,0,1.348904
QQ1,50,0,1.539279
QQH,48,1,2.031183
QSA,46,1,1.185912
QTB,47,0,1.203462
QWJ,50,0,3.311131
QWT,78,0,3.246505
R5X,43,0,1.187687
R7K,40,0,1.446433
RD0,71,0,0.937787
RFT,47,0,1.627018
RID,78,0,3.014009
RK2,49,0,1.744822
RMB,40,0,2.117307
RMS,47,0,1.594985
RPF,76,0,2.449163
RS1,48,0,2.002145
RS9,44,0,1.271725
RTH,43,0,1.01604
RV2,40,0,0.565737
S1X,47,0,1.729526
S49,72,0,2.331428
S4T,70,0,2.166018
S6T,47,0,2.12126
SCK,50,2,2.400515
SCR,77,0,5.086321
SER-ALA-ALA-THR-SER,68,0,2.935334
SER-ALA-SER-CYS-ARG,79,1,3.119894
SER-ASP-GLN-ASP-SER,75,-2,2.475393
SER-HIS-CYS-TYR-PRO,86,0,2.713248
SER-MET-ASN-ALA-HIS,81,0,2.778043
SER-MET-ILE-ARG-GLY,90,1,2.158279
SER-THR-ASN-ARG-GLU,90,0,2.492205
SER-TYR-TYR-PRO-ASN,93,0,3.208121
SIM,71,0,3.392065
SLM,41,0,1.200951
SUZ,42,0,1.476042
SXU,79,0,2.774055
SZS,48,0,1.786906
T0K,76,0,2.73909
T3B,73,0,2.245272
T8Q,71,0,1.75354
TAD,70,0,3.051943
TB9,41,0,1.196114
THR-ALA-ALA-VAL-PRO,76,0,2.185767
THR-ALA-ARG-GLU-CYS,86,0,1.694103
THR-CYS-HIS-PHE-LEU,93,0,2.894475
THR-GLY-CYS-GLU-THR,73,-1,1.985254
THR-ILE-ASN-MET-CYS,87,0,2.394122
THR-PHE-VAL-ASN-GLU,91,-1,2.648108
THR-SER-CYS-MET-ARG,89,1,2.916582
THR-TYR-ARG-PRO-GLU,100,0,1.583775
THR-TYR-GLY-PRO-ASN,82,0,1.984259
THR-TYR-PHE-ALA-CYS,88,0,1.876262
TJ3,40,0,0.947743
TJ7,47,0,1.671722
TKN,71,0,3.532495
TL1,50,0,1.831974
TO7,43,0,1.407073
TQA,71,0,2.836056
TRP-ALA-ARG-ASP-HIS,99,0,2.002038
TRP-GLN-ARG-LEU-THR,110,1,3.045662
TRP-GLN-ARG-PHE-SER,108,1,2.008824
TRP-GLY-TYR-LYS-PRO,100,1,4.000385
TRP-LEU-HIS-HIS-GLN,106,0,3.590941
TRP-MET-ASP-GLY-HIS,89,-1,2.724624
TRP-TYR-GLY-ALA-TYR,95,0,3.714755
TRP-VAL-PHE-GLY-ARG,103,1,2.385636
TRP-VAL-PRO-LEU-ASN,99,0,1.346991
TUK,47,0,0.945623
TVM,41,0,1.539051
TX9,79,0,2.141164
TXK,75,0,1.774417
TYD,41,0,2.042434
TYR-ASN-ILE-PHE-SER,97,0,2.34858
TYR-CYS-CYS-PHE-ASN,89,0,4.860003
TYR-GLN-GLU-GLY-MET,89,-1,2.199243
TYR-GLU-ASP-TRP-ASN,98,-2,1.760063
TYR-GLU-GLY-VAL-VAL,87,-1,2.90397
TYR-HIS-GLN-GLU-ASN,96,-1,2.922365
TYR-LEU-CYS-THR-HIS,94,0,2.325942
TYR-MET-ARG-GLN-PRO,105,1,2.67429
TYR-MET-GLN-ARG-ASP,103,0,2.714605
TYR-SER-CYS-GLU-ASN,84,-1,3.029155
TYR-SER-VAL-TYR-TRP,105,0,2.706617
TYR-TYR-ASP-VAL-ARG,106,0,3.729558
U5X,41,0,1.504125
U6V,72,0,2.08313
UD8,73,0,3.243703
UGN,44,0,0.890307
UHD,48,0,1.335214
UIC,79,0,4.488391
UJE,45,0,1.61175
UPB,79,0,2.593409
UQO,76,0,2.366568
UUB,72,0,2.602495
UY0,73,0,2.997351
UYS,41,0,20.257883
V3D,79,0,3.107483
V51,43,0,1.444758
VAL-ASN-THR-ASN-CYS,81,0,2.993437
VAL-GLN-GLN-MET-PRO,93,0,2.76872
VAL-HIS-GLN-TRP-GLN,103,0,3.231765
VAL-ILE-GLN-TRP-ASN,102,0,2.484703
VAL-ILE-THR-TYR-HIS,99,0,3.720972
VAL-LYS-PRO-VAL-TRP,104,1,3.462785
VAL-MET-GLN-HIS-VAL,95,0,3.400687
VAL-SER-TRP-HIS-TYR,101,0,3.994758
VAL-THR-LEU-VAL-TYR,98,0,3.808165
VAL-TYR-TRP-PHE-CYS,104,0,4.33857
VAW,74,0,2.827274
VD2,76,0,0.979875
VED,48,0,1.555784
VKM,46,0,1.756064
VOJ,47,0,1.32034
VSE,70,0,1.783347
VZV,70,0,3.236035
W2X,50,0,1.765427
W79,49,0,1.403801
WKW,48,0,1.270967
WP0,50,0,2.0152
WP6,44,0,1.105325
X23,73,0,1.52116
X3S,47,0,1.338298
X5Y,77,0,1.591977
X6K,42,0,1.29397
X71,80,0,2.020937
XDM,41,0,1.022625
XE7,49,0,1.213317
XGL,40,0,2.060307
XIG,72,0,2.454255
XMC,76,0,2.64451
XMH,71,0,2.418998
XQA,71,0,3.603704
XRA,49,0,2.133944
XS1,71,0,1.757032
Y2P,71,0,2.352483
Y4V,78,0,2.183082
Y5G,73,0,1.800842
Y8V,75,0,4.382624
YK8,78,0,1.467056
YL2,45,0,2.239594
YLY,75,0,1.941739
YOH,77,0,1.791403
YR4,78,0,1.878636
YWI,70,0,2.583885
Z23,48,2,2.377428
ZC0,44,0,1.620215
ZD1,46,0,2.441645
ZDM,72,0,4.062892
ZMM,42,0,1.00988
ZP1,70,0,2.242753
ZQU,70,0,1.980257
ZY0,79,0,3.553921
